{
  "umbral_global": 0.5354613661766052,
  "anio": 2022,
  "umbrales_por_departamento": {
    "1": 0.5194557905197144,
    "2": 0.46996167302131653,
    "3": 0.5194557905197144,
    "4": 0.41991057991981506,
    "5": 0.5152826309204102,
    "6": 0.53912353515625,
    "7": 0.5152826309204102,
    "8": 0.43889522552490234,
    "9": 0.5152826309204102,
    "10": 0.517919679204055,
    "11": 0.41991057991981506,
    "12": 0.43889522552490234,
    "13": 0.4436992406845093,
    "14": 0.43889522552490234,
    "15": 0.5152826309204102,
    "16": 0.5152826309204102,
    "17": 0.43889522552490234,
    "18": 0.38360029458999634,
    "19": 0.5194557905197144,
    "20": 0.5194557905197144,
    "21": 0.53912353515625,
    "22": 0.46996167302131653,
    "23": 0.38360029458999634,
    "24": 0.43975667660461365,
    "25": 0.4305603181519269
  }
}