{
  "umbral_global": 0.5354613661766052,
  "anio": 2023,
  "umbrales_por_departamento": {
    "1": 0.41991057991981506,
    "2": 0.36733317375183105,
    "3": 0.41991057991981506,
    "4": 0.34557464718818665,
    "5": 0.41991057991981506,
    "6": 0.43889522552490234,
    "7": 0.41991057991981506,
    "8": 0.41991057991981506,
    "9": 0.38360029458999634,
    "10": 0.41991057991981506,
    "11": 0.31344112753868103,
    "12": 0.41991057991981506,
    "13": 0.41991057991981506,
    "14": 0.38360029458999634,
    "15": 0.41991057991981506,
    "16": 0.41991057991981506,
    "17": 0.46996167302131653,
    "18": 0.2944720983505249,
    "19": 0.41991057991981506,
    "20": 0.43889522552490234,
    "21": 0.5194557905197144,
    "22": 0.41991057991981506,
    "23": 0.41991057991981506,
    "24": 0.41991057991981506,
    "25": 0.38360029458999634
  }
}