{
  "umbral_global": 0.5354613661766052,
  "anio": 2024,
  "umbrales_por_departamento": {
    "1": 0.5275801835402635,
    "2": 0.43889522552490234,
    "3": 0.5152826309204102,
    "4": 0.46996167302131653,
    "5": 0.53912353515625,
    "6": 0.5354613661766052,
    "7": 0.53912353515625,
    "8": 0.5354613661766052,
    "9": 0.5152826309204102,
    "10": 0.46996167302131653,
    "11": 0.5103090429755393,
    "12": 0.5354613661766052,
    "13": 0.5354613661766052,
    "14": 0.53912353515625,
    "15": 0.5615284442901611,
    "16": 0.5194557905197144,
    "17": 0.5829788319775676,
    "18": 0.41991057991981506,
    "19": 0.5152826309204102,
    "20": 0.5940845608711243,
    "21": 0.53912353515625,
    "22": 0.53912353515625,
    "23": 0.53912353515625,
    "24": 0.53912353515625,
    "25": 0.5194557905197144
  }
}