{
  "umbral_global": 0.5354613661766052,
  "anio": 2020,
  "umbrales_por_departamento": {
    "1": 0.5194557905197144,
    "2": 0.5152826309204102,
    "3": 0.4436992406845093,
    "4": 0.41991057991981506,
    "5": 0.5194557905197144,
    "6": 0.53912353515625,
    "7": 0.43889522552490234,
    "8": 0.5354613661766052,
    "9": 0.5194557905197144,
    "10": 0.46996167302131653,
    "11": 0.43889522552490234,
    "12": 0.47213612665316684,
    "13": 0.43889522552490234,
    "14": 0.5152826309204102,
    "15": 0.43889522552490234,
    "16": 0.5810979606595039,
    "17": 0.53912353515625,
    "18": 0.38360029458999634,
    "19": 0.46996167302131653,
    "20": 0.5077067017555237,
    "21": 0.5194557905197144,
    "22": 0.5194557905197144,
    "23": 0.41991057991981506,
    "24": 0.43889522552490234,
    "25": 0.42779242992401123
  }
}